source,target,creation_time
video_1001397703332573184,media_session_1001397703332573184,2013-10-14T04:47:11.000000
video_1001531161459441664,media_session_1001531161459441664,2013-10-14T13:37:30.000000
video_1001681548694978560,media_session_1001681548694978560,2013-10-14T23:35:05.000000
video_1003042166966312960,media_session_1003042166966312960,2013-10-18T17:41:42.000000
video_1003490149176602624,media_session_1003490149176602624,2013-10-19T23:21:49.000000
video_1003782474029248512,media_session_1003782474029248512,2013-10-20T18:43:25.000000
video_1003884378750849024,media_session_1003884378750849024,2013-10-21T01:28:21.000000
video_1004042856425508864,media_session_1004042856425508864,2013-10-21T11:58:05.000000
video_1004191380798881792,media_session_1004191380798881792,2013-10-21T21:48:16.000000
video_1005287795113463808,media_session_1005287795113463808,2013-10-24T22:25:01.000000
video_1005624904525201408,media_session_1005624904525201408,2013-10-25T20:44:34.000000
video_1006189706306084864,media_session_1006189706306084864,2013-10-27T10:08:54.000000
video_1006225114423021568,media_session_1006225114423021568,2013-10-27T12:29:36.000000
video_1006384270601768960,media_session_1006384270601768960,2013-10-27T23:02:01.000000
video_1006719408925827072,media_session_1006719408925827072,2013-10-28T21:13:45.000000
video_1007133962444914688,media_session_1007133962444914688,2013-10-30T00:41:02.000000
video_1008090316898803712,media_session_1008090316898803712,2013-11-01T16:01:14.000000
video_1008196651174727680,media_session_1008196651174727680,2013-11-01T23:03:47.000000
video_1008397706999549952,media_session_1008397706999549952,2013-11-02T12:22:42.000000
video_1008804987607896064,media_session_1008804987607896064,2013-11-03T15:21:05.000000
video_1009254563917803520,media_session_1009254563917803520,2013-11-04T21:07:33.000000
video_1009707103394627584,media_session_1009707103394627584,2013-11-06T03:05:46.000000
video_1010700490369089536,media_session_1010700490369089536,2013-11-08T20:53:08.000000
video_1010794773910863872,media_session_1010794773910863872,2013-11-09T03:07:47.000000
video_1010803384435216384,media_session_1010803384435216384,2013-11-09T03:42:00.000000
video_1011871419321417728,media_session_1011871419321417728,2013-11-12T02:26:00.000000
video_1012202601665691648,media_session_1012202601665691648,2013-11-13T00:22:00.000000
video_1012300587720699904,media_session_1012300587720699904,2013-11-13T06:51:21.000000
video_1012520751829598208,media_session_1012520751829598208,2013-11-13T21:26:12.000000
video_1012670469843058688,media_session_1012670469843058688,2013-11-14T07:21:08.000000
video_1013942839530467328,media_session_1013942839530467328,2013-11-17T19:37:05.000000
video_1013994610969788416,media_session_1013994610969788416,2013-11-17T23:02:48.000000
video_1014047599634104320,media_session_1014047599634104320,2013-11-18T02:33:21.000000
video_1014296143544356864,media_session_1014296143544356864,2013-11-18T19:00:59.000000
video_1014439802227286016,media_session_1014439802227286016,2013-11-19T04:31:50.000000
video_1014455979091656704,media_session_1014455979091656704,2013-11-19T05:36:07.000000
video_1014514130801008640,media_session_1014514130801008640,2013-11-19T09:27:11.000000
video_1015742929878622208,media_session_1015742929878622208,2013-11-22T18:50:00.000000
video_1015768740903772160,media_session_1015768740903772160,2013-11-22T20:32:33.000000
video_1016168381583654912,media_session_1016168381583654912,2013-11-23T23:00:35.000000
video_1016596288051306496,media_session_1016596288051306496,2013-11-25T03:20:56.000000
video_1017316387020218368,media_session_1017316387020218368,2013-11-27T03:02:21.000000
video_1017348591884328960,media_session_1017348591884328960,2013-11-27T05:10:19.000000
video_1017875065444130816,media_session_1017875065444130816,2013-11-28T16:02:20.000000
video_1017970044258377728,media_session_1017970044258377728,2013-11-28T22:19:45.000000
video_1018345515672645632,media_session_1018345515672645632,2013-11-29T23:11:44.000000
video_1018399483828326400,media_session_1018399483828326400,2013-11-30T02:46:11.000000
video_1018667358321250304,media_session_1018667358321250304,2013-11-30T20:30:38.000000
video_1018729501821399040,media_session_1018729501821399040,2013-12-01T00:37:34.000000
video_1019009049120886784,media_session_1019009049120886784,2013-12-01T19:08:23.000000
video_1019862122563563520,media_session_1019862122563563520,2013-12-04T03:38:12.000000
video_1020511330580787200,media_session_1020511330580787200,2013-12-05T22:37:55.000000
video_1020541928640507905,media_session_1020541928640507905,2013-12-06T00:39:30.000000
video_1020817084546215936,media_session_1020817084546215936,2013-12-06T18:52:52.000000
video_1020901686048665600,media_session_1020901686048665600,2013-12-07T00:29:03.000000
video_1020912874765619200,media_session_1020912874765619200,2013-12-07T01:13:30.000000
video_1020930368741761024,media_session_1020930368741761024,2013-12-07T02:23:01.000000
video_1021214042855018496,media_session_1021214042855018496,2013-12-07T21:10:15.000000
video_1021311568061095936,media_session_1021311568061095936,2013-12-08T03:37:46.000000
video_1021335174224465920,media_session_1021335174224465920,2013-12-08T05:11:35.000000
video_1021655017381584896,media_session_1021655017381584896,2013-12-09T02:22:31.000000
video_1023091917250023424,media_session_1023091917250023424,2013-12-13T01:32:15.000000
video_1025200529762304000,media_session_1025200529762304000,2013-12-18T21:11:07.000000
video_1025231522179231744,media_session_1025231522179231744,2013-12-18T23:14:16.000000
video_1025563073714483200,media_session_1025563073714483200,2013-12-19T21:11:44.000000
video_1025583405355937792,media_session_1025583405355937792,2013-12-19T22:32:32.000000
video_1025590120042164224,media_session_1025590120042164224,2013-12-19T22:59:13.000000
video_1025609192838443008,media_session_1025609192838443008,2013-12-20T00:15:00.000000
video_1026296025050148864,media_session_1026296025050148864,2013-12-21T21:44:14.000000
video_1026658089262612480,media_session_1026658089262612480,2013-12-22T21:42:56.000000
video_1026805374071754752,media_session_1026805374071754752,2013-12-23T07:28:12.000000
video_1026948475654725632,media_session_1026948475654725632,2013-12-23T16:56:50.000000
video_1027003324282654720,media_session_1027003324282654720,2013-12-23T20:34:47.000000
video_1027371347221045248,media_session_1027371347221045248,2013-12-24T20:57:10.000000
video_1027437650183081984,media_session_1027437650183081984,2013-12-25T01:20:38.000000
video_1027479240444452864,media_session_1027479240444452864,2013-12-25T04:05:54.000000
video_1027519055210438656,media_session_1027519055210438656,2013-12-25T06:44:07.000000
video_1027733396387975168,media_session_1027733396387975168,2013-12-25T20:55:50.000000
video_1028080834764255232,media_session_1028080834764255232,2013-12-26T19:56:25.000000
video_1028570940705239040,media_session_1028570940705239040,2013-12-28T04:23:56.000000
video_1030291178240856064,media_session_1030291178240856064,2014-01-01T22:19:32.000000
video_1030470596695359488,media_session_1030470596695359488,2014-01-02T10:12:29.000000
video_1030637312557678592,media_session_1030637312557678592,2014-01-02T21:14:57.000000
video_1031714823689437184,media_session_1031714823689437184,2014-01-05T20:36:36.000000
video_1032610021605056512,media_session_1032610021605056512,2014-01-08T07:53:48.000000
video_1033243846865473536,media_session_1033243846865473536,2014-01-10T01:52:23.000000
video_1033551391932710912,media_session_1033551391932710912,2014-01-10T22:14:28.000000
video_1033993129051017216,media_session_1033993129051017216,2014-01-12T03:29:46.000000
video_1034009613798187008,media_session_1034009613798187008,2014-01-12T04:35:16.000000
video_1034325239603015680,media_session_1034325239603015680,2014-01-13T01:29:27.000000
video_1035095956305125376,media_session_1035095956305125376,2014-01-15T04:32:01.000000
video_1035362829223784448,media_session_1035362829223784448,2014-01-15T22:12:28.000000
video_1035704405627965440,media_session_1035704405627965440,2014-01-16T20:49:46.000000
video_1035709331489832960,media_session_1035709331489832960,2014-01-16T21:09:21.000000
video_1035989830989217792,media_session_1035989830989217792,2014-01-17T15:43:57.000000
video_1036391385047134208,media_session_1036391385047134208,2014-01-18T18:19:35.000000
video_1036470207365230592,media_session_1036470207365230592,2014-01-18T23:32:48.000000
video_1036776803483684864,media_session_1036776803483684864,2014-01-19T19:51:06.000000
video_1036918934974406656,media_session_1036918934974406656,2014-01-20T05:15:53.000000
video_1037513465897598976,media_session_1037513465897598976,2014-01-21T20:38:20.000000
video_1037547364719775744,media_session_1037547364719775744,2014-01-21T22:53:02.000000
video_1037557671953342464,media_session_1037557671953342464,2014-01-21T23:33:59.000000
video_1037584295784497152,media_session_1037584295784497152,2014-01-22T01:19:47.000000
video_1037604986386882560,media_session_1037604986386882560,2014-01-22T02:42:00.000000
video_1038002020772110336,media_session_1038002020772110336,2014-01-23T04:59:40.000000
video_1038279828601765888,media_session_1038279828601765888,2014-01-23T23:23:35.000000
video_1038638173796159488,media_session_1038638173796159488,2014-01-24T23:07:31.000000
video_1038952710659035136,media_session_1038952710659035136,2014-01-25T19:57:23.000000
video_1040017863920017408,media_session_1040017863920017408,2014-01-28T18:29:55.000000
video_1040475260585484288,media_session_1040475260585484288,2014-01-30T00:47:27.000000
video_1040480063214456832,media_session_1040480063214456832,2014-01-30T01:06:32.000000
video_1040547079480930304,media_session_1040547079480930304,2014-01-30T05:32:50.000000
video_1040715918327648256,media_session_1040715918327648256,2014-01-30T16:43:44.000000
video_1041223651707719680,media_session_1041223651707719680,2014-02-01T02:21:17.000000
video_1041575393192218624,media_session_1041575393192218624,2014-02-02T01:38:59.000000
video_1041926984047251456,media_session_1041926984047251456,2014-02-03T00:56:05.000000
video_1042152100458799104,media_session_1042152100458799104,2014-02-03T15:50:36.000000
video_1044184247084498944,media_session_1044184247084498944,2014-02-09T06:25:38.000000
video_1044413228903788544,media_session_1044413228903788544,2014-02-09T21:35:32.000000
video_1044444091183788032,media_session_1044444091183788032,2014-02-09T23:38:10.000000
video_1045487837144907776,media_session_1045487837144907776,2014-02-12T20:45:38.000000
video_1045523258935754752,media_session_1045523258935754752,2014-02-12T23:06:23.000000
video_1045940810706726912,media_session_1045940810706726912,2014-02-14T02:45:35.000000
video_1046262244998258688,media_session_1046262244998258688,2014-02-15T00:02:51.000000
video_1046367793622441984,media_session_1046367793622441984,2014-02-15T07:02:16.000000
video_1046683080292782080,media_session_1046683080292782080,2014-02-16T03:55:06.000000
video_1046969682382794752,media_session_1046969682382794752,2014-02-16T22:53:58.000000
video_1047214355399462912,media_session_1047214355399462912,2014-02-17T15:06:12.000000
video_1047231749924728832,media_session_1047231749924728832,2014-02-17T16:15:19.000000
video_1047619465950736384,media_session_1047619465950736384,2014-02-18T17:55:58.000000
video_1047662801553936384,media_session_1047662801553936384,2014-02-18T20:48:10.000000
video_1048237592963330048,media_session_1048237592963330048,2014-02-20T10:52:11.000000
video_1048311727059861504,media_session_1048311727059861504,2014-02-20T15:46:46.000000
video_1048815494985551872,media_session_1048815494985551872,2014-02-22T01:08:34.000000
video_1048908355407675392,media_session_1048908355407675392,2014-02-22T07:17:33.000000
video_1049049912895234048,media_session_1049049912895234048,2014-02-22T16:40:03.000000
video_1049829133251125248,media_session_1049829133251125248,2014-02-24T20:16:24.000000
video_1049866734833991680,media_session_1049866734833991680,2014-02-24T22:45:49.000000
video_1050549294417457152,media_session_1050549294417457152,2014-02-26T19:58:04.000000
video_1050956336680345600,media_session_1050956336680345600,2014-02-27T22:55:30.000000
video_1050979346070077440,media_session_1050979346070077440,2014-02-28T00:26:56.000000
video_1050987543383937024,media_session_1050987543383937024,2014-02-28T00:59:30.000000
video_1051013843955957760,media_session_1051013843955957760,2014-02-28T02:44:01.000000
video_1051123149653118976,media_session_1051123149653118976,2014-02-28T09:58:21.000000
video_1051235021203316736,media_session_1051235021203316736,2014-02-28T17:22:54.000000
video_1051368830045483008,media_session_1051368830045483008,2014-03-01T02:14:36.000000
video_1052149019687985152,media_session_1052149019687985152,2014-03-03T05:54:48.000000
video_1052156302291767296,media_session_1052156302291767296,2014-03-03T06:23:44.000000
video_1052335428860043264,media_session_1052335428860043264,2014-03-03T18:15:31.000000
video_1052400209289940992,media_session_1052400209289940992,2014-03-03T22:32:56.000000
video_1052407693459476480,media_session_1052407693459476480,2014-03-03T23:02:40.000000
video_1052863263529963520,media_session_1052863263529963520,2014-03-05T05:12:57.000000
video_1053133798101442560,media_session_1053133798101442560,2014-03-05T23:07:57.000000
video_1053238178943234048,media_session_1053238178943234048,2014-03-06T06:02:44.000000
video_1053441156740681728,media_session_1053441156740681728,2014-03-06T19:29:17.000000
video_1053509458280050688,media_session_1053509458280050688,2014-03-07T00:00:42.000000
video_1053567200277450752,media_session_1053567200277450752,2014-03-07T03:50:08.000000
video_1053791122083753984,media_session_1053791122083753984,2014-03-07T18:39:55.000000
video_1053817084393508864,media_session_1053817084393508864,2014-03-07T20:23:05.000000
video_1053834433943183360,media_session_1053834433943183360,2014-03-07T21:32:02.000000
video_1053851785821384704,media_session_1053851785821384704,2014-03-07T22:40:59.000000
video_1053867748171595776,media_session_1053867748171595776,2014-03-07T23:44:25.000000
video_1053874949846663168,media_session_1053874949846663168,2014-03-08T00:13:02.000000
video_1054174904356311040,media_session_1054174904356311040,2014-03-08T20:04:56.000000
video_1054210825700741120,media_session_1054210825700741120,2014-03-08T22:27:41.000000
video_1054254121538498560,media_session_1054254121538498560,2014-03-09T01:19:43.000000
video_1054332992950054912,media_session_1054332992950054912,2014-03-09T06:33:08.000000
video_1054888765589991424,media_session_1054888765589991424,2014-03-10T19:21:34.000000
video_1054929697353457664,media_session_1054929697353457664,2014-03-10T22:04:13.000000
video_1055241182718332928,media_session_1055241182718332928,2014-03-11T18:41:57.000000
video_1055302920520220672,media_session_1055302920520220672,2014-03-11T22:47:16.000000
video_1055376321662377984,media_session_1055376321662377984,2014-03-12T03:38:57.000000
video_1055573849443864576,media_session_1055573849443864576,2014-03-12T16:43:51.000000
video_1055729335686066176,media_session_1055729335686066176,2014-03-13T03:01:42.000000
video_1056068458850689024,media_session_1056068458850689024,2014-03-14T01:29:15.000000
video_1056396634285637632,media_session_1056396634285637632,2014-03-14T23:13:18.000000
video_1056441342043242496,media_session_1056441342043242496,2014-03-15T02:10:57.000000
video_1056707580472258560,media_session_1056707580472258560,2014-03-15T19:48:53.000000
video_1056767045251080192,media_session_1056767045251080192,2014-03-15T23:45:11.000000
video_1056991806686478336,media_session_1056991806686478336,2014-03-16T14:38:18.000000
video_1057501435811500032,media_session_1057501435811500032,2014-03-18T00:23:23.000000
video_1057758328068952064,media_session_1057758328068952064,2014-03-18T17:24:11.000000
video_1057901075220598784,media_session_1057901075220598784,2014-03-19T02:51:25.000000
video_1058237395197440000,media_session_1058237395197440000,2014-03-20T01:07:50.000000
video_1058275301689892864,media_session_1058275301689892864,2014-03-20T03:38:27.000000
video_1058279271862329344,media_session_1058279271862329344,2014-03-20T03:54:14.000000
video_1058308699795390464,media_session_1058308699795390464,2014-03-20T05:51:10.000000
video_1058495731721728000,media_session_1058495731721728000,2014-03-20T18:14:22.000000
video_1058567897011920896,media_session_1058567897011920896,2014-03-20T23:01:07.000000
video_1058889058803146752,media_session_1058889058803146752,2014-03-21T20:17:18.000000
video_1058940543196979200,media_session_1058940543196979200,2014-03-21T23:41:53.000000
video_1058975819718160384,media_session_1058975819718160384,2014-03-22T02:02:04.000000
video_1059310997544079360,media_session_1059310997544079360,2014-03-23T00:13:56.000000
video_1059574871014674432,media_session_1059574871014674432,2014-03-23T17:42:29.000000
video_1059992032464228352,media_session_1059992032464228352,2014-03-24T21:20:08.000000
video_1060350847097221120,media_session_1060350847097221120,2014-03-25T21:05:56.000000
video_1060431703267028992,media_session_1060431703267028992,2014-03-26T02:27:13.000000
video_1061048387769679872,media_session_1061048387769679872,2014-03-27T19:17:42.000000
video_1061579724511498240,media_session_1061579724511498240,2014-03-29T06:29:03.000000
video_1061582683249012736,media_session_1061582683249012736,2014-03-29T06:40:48.000000
video_1061793757764231168,media_session_1061793757764231168,2014-03-29T20:39:33.000000
video_1062159878522589184,media_session_1062159878522589184,2014-03-30T20:54:23.000000
video_1062530169086095360,media_session_1062530169086095360,2014-03-31T21:25:47.000000
video_1062535235822292992,media_session_1062535235822292992,2014-03-31T21:45:55.000000
video_1062542981300740096,media_session_1062542981300740096,2014-03-31T22:16:41.000000
video_1062801916175974400,media_session_1062801916175974400,2014-04-01T15:25:36.000000
video_1062857673374101504,media_session_1062857673374101504,2014-04-01T19:07:10.000000
video_1063362568720117760,media_session_1063362568720117760,2014-04-03T04:33:26.000000
video_1063569089739534336,media_session_1063569089739534336,2014-04-03T18:14:05.000000
video_1064015840896225280,media_session_1064015840896225280,2014-04-04T23:49:18.000000
video_1064321446668607489,media_session_1064321446668607489,2014-04-05T20:03:41.000000
video_1064324203748175872,media_session_1064324203748175872,2014-04-05T20:14:38.000000
video_1064662952684179456,media_session_1064662952684179456,2014-04-06T18:40:42.000000
video_1064754213302792192,media_session_1064754213302792192,2014-04-07T00:43:20.000000
video_1065026019561533440,media_session_1065026019561533440,2014-04-07T18:43:24.000000
video_1065395268834463744,media_session_1065395268834463744,2014-04-08T19:10:40.000000
video_1065408203174641664,media_session_1065408203174641664,2014-04-08T20:02:03.000000
video_1065464392118067200,media_session_1065464392118067200,2014-04-08T23:45:20.000000
video_1065798031183650816,media_session_1065798031183650816,2014-04-09T21:51:06.000000
video_1066169079599104000,media_session_1066169079599104000,2014-04-10T22:25:31.000000
video_1066207153549086720,media_session_1066207153549086720,2014-04-11T00:56:48.000000
video_1066222158239453184,media_session_1066222158239453184,2014-04-11T01:56:25.000000
video_1066305683928035328,media_session_1066305683928035328,2014-04-11T07:28:20.000000
video_1066477558595461120,media_session_1066477558595461120,2014-04-11T18:51:18.000000
video_1066980163927085056,media_session_1066980163927085056,2014-04-13T04:08:28.000000
video_1067325353481154560,media_session_1067325353481154560,2014-04-14T03:00:08.000000
video_1067712613082931200,media_session_1067712613082931200,2014-04-15T04:38:58.000000
video_1068090269611814912,media_session_1068090269611814912,2014-04-16T05:39:38.000000
video_1068331658626875392,media_session_1068331658626875392,2014-04-16T21:38:50.000000
video_1068931474784436224,media_session_1068931474784436224,2014-04-18T13:22:17.000000
video_1069119845687328768,media_session_1069119845687328768,2014-04-19T01:50:48.000000
video_1069402134493184000,media_session_1069402134493184000,2014-04-19T20:32:31.000000
video_1069505734389223424,media_session_1069505734389223424,2014-04-20T03:24:11.000000
video_1069797641048776704,media_session_1069797641048776704,2014-04-20T22:44:07.000000
video_1070034127660666880,media_session_1070034127660666880,2014-04-21T14:23:50.000000
video_1070449102225096704,media_session_1070449102225096704,2014-04-22T17:52:47.000000
video_1071192384462815232,media_session_1071192384462815232,2014-04-24T19:06:20.000000
video_1071559888842489856,media_session_1071559888842489856,2014-04-25T19:26:40.000000
video_1071569348935725056,media_session_1071569348935725056,2014-04-25T20:04:15.000000
video_1071611451216748544,media_session_1071611451216748544,2014-04-25T22:51:33.000000
video_1072272423350611968,media_session_1072272423350611968,2014-04-27T18:38:01.000000
video_1072641231181459456,media_session_1072641231181459456,2014-04-28T19:03:32.000000
video_1073365057221664768,media_session_1073365057221664768,2014-04-30T18:59:45.000000
video_1073397272806817792,media_session_1073397272806817792,2014-04-30T21:07:46.000000
video_1073767088117682176,media_session_1073767088117682176,2014-05-01T21:37:17.000000
video_1074093091838996480,media_session_1074093091838996480,2014-05-02T19:12:42.000000
video_1074178615274520576,media_session_1074178615274520576,2014-05-03T00:52:33.000000
video_1074558864478883840,media_session_1074558864478883840,2014-05-04T02:03:31.000000
video_1074565114495225856,media_session_1074565114495225856,2014-05-04T02:28:21.000000
video_1074582050805350400,media_session_1074582050805350400,2014-05-04T03:35:39.000000
video_1075209954887151616,media_session_1075209954887151616,2014-05-05T21:10:43.000000
video_1075288563576344576,media_session_1075288563576344576,2014-05-06T02:23:05.000000
video_1075323229281083392,media_session_1075323229281083392,2014-05-06T04:40:50.000000
video_1075400357594677248,media_session_1075400357594677248,2014-05-06T09:47:19.000000
video_1075911890053615616,media_session_1075911890053615616,2014-05-07T19:39:58.000000
video_1076155793067458560,media_session_1076155793067458560,2014-05-08T11:49:09.000000
video_1076449821596205056,media_session_1076449821596205056,2014-05-09T07:17:30.000000
video_1076989232968626176,media_session_1076989232968626176,2014-05-10T19:00:56.000000
video_1077720157402615808,media_session_1077720157402615808,2014-05-12T19:25:22.000000
video_1078300657657741312,media_session_1078300657657741312,2014-05-14T09:52:04.000000
video_1078788598574231552,media_session_1078788598574231552,2014-05-15T18:10:58.000000
video_1079165184779636736,media_session_1079165184779636736,2014-05-16T19:07:23.000000
video_1079327636633055232,media_session_1079327636633055232,2014-05-17T05:52:55.000000
video_1079563325219762176,media_session_1079563325219762176,2014-05-17T21:29:28.000000
video_1079941606209196032,media_session_1079941606209196032,2014-05-18T22:32:37.000000
video_1079979879103168512,media_session_1079979879103168512,2014-05-19T01:04:42.000000
video_1080206571692503040,media_session_1080206571692503040,2014-05-19T16:05:29.000000
video_1080414388202143744,media_session_1080414388202143744,2014-05-20T05:51:17.000000
video_1080644237860691968,media_session_1080644237860691968,2014-05-20T21:04:37.000000
video_1080677149976965120,media_session_1080677149976965120,2014-05-20T23:15:24.000000
video_1080713892960825344,media_session_1080713892960825344,2014-05-21T01:41:24.000000
video_1081347031362084864,media_session_1081347031362084864,2014-05-22T19:37:16.000000
video_1081664980782374912,media_session_1081664980782374912,2014-05-23T16:40:41.000000
video_1081770339480018944,media_session_1081770339480018944,2014-05-23T23:39:21.000000
video_1082024475463172096,media_session_1082024475463172096,2014-05-24T16:29:11.000000
video_1082666054314094592,media_session_1082666054314094592,2014-05-26T10:58:36.000000
video_1082811330043768832,media_session_1082811330043768832,2014-05-26T20:35:52.000000
video_1083200941169266688,media_session_1083200941169266688,2014-05-27T22:24:03.000000
video_1083226258218885120,media_session_1083226258218885120,2014-05-28T00:04:39.000000
video_1083599318768062464,media_session_1083599318768062464,2014-05-29T00:47:03.000000
video_1083946694279860224,media_session_1083946694279860224,2014-05-29T23:47:24.000000
video_1084002306900779008,media_session_1084002306900779008,2014-05-30T03:28:23.000000
video_1084204805423034368,media_session_1084204805423034368,2014-05-30T16:53:03.000000
video_1084987505293619200,media_session_1084987505293619200,2014-06-01T20:43:13.000000
video_1085363521883193344,media_session_1085363521883193344,2014-06-02T21:37:22.000000
video_1085415668834508800,media_session_1085415668834508800,2014-06-03T01:04:35.000000
video_1085445634200375296,media_session_1085445634200375296,2014-06-03T03:03:39.000000
video_1085673974135971840,media_session_1085673974135971840,2014-06-03T18:11:00.000000
video_1086500958768443392,media_session_1086500958768443392,2014-06-06T00:57:08.000000
video_1086543779877523456,media_session_1086543779877523456,2014-06-06T03:47:18.000000
video_1086708000095629312,media_session_1086708000095629312,2014-06-06T14:39:51.000000
video_1087153434588753920,media_session_1087153434588753920,2014-06-07T20:09:51.000000
video_1087535147143827456,media_session_1087535147143827456,2014-06-08T21:26:38.000000
video_1087618613571219456,media_session_1087618613571219456,2014-06-09T02:58:18.000000
video_1087666570542600192,media_session_1087666570542600192,2014-06-09T06:08:52.000000
video_1087883417049358336,media_session_1087883417049358336,2014-06-09T20:30:32.000000
video_1088094632748953600,media_session_1088094632748953600,2014-06-10T10:29:50.000000
video_1088167410106023936,media_session_1088167410106023936,2014-06-10T15:19:01.000000
video_1088174709562314752,media_session_1088174709562314752,2014-06-10T15:48:02.000000
video_1088244090421846016,media_session_1088244090421846016,2014-06-10T20:23:43.000000
video_1088397668046319616,media_session_1088397668046319616,2014-06-11T06:33:59.000000
video_1088606388550275072,media_session_1088606388550275072,2014-06-11T20:23:22.000000
video_1088930373125242880,media_session_1088930373125242880,2014-06-12T17:50:46.000000
video_1089277769843875840,media_session_1089277769843875840,2014-06-13T16:51:12.000000
video_1089363733589180416,media_session_1089363733589180416,2014-06-13T22:32:47.000000
video_1089386242933927936,media_session_1089386242933927936,2014-06-14T00:02:14.000000
video_1089592394258735104,media_session_1089592394258735104,2014-06-14T13:41:24.000000
video_1089999176642740224,media_session_1089999176642740224,2014-06-15T16:37:48.000000
video_1090088382400745472,media_session_1090088382400745472,2014-06-15T22:32:17.000000
video_1090203245110247424,media_session_1090203245110247424,2014-06-16T06:08:42.000000
video_1090353709025779712,media_session_1090353709025779712,2014-06-16T16:06:36.000000
video_1090702573801021440,media_session_1090702573801021440,2014-06-17T15:12:51.000000
video_1090914499969650688,media_session_1090914499969650688,2014-06-18T05:14:59.000000
video_1090918845046308865,media_session_1090918845046308865,2014-06-18T05:32:14.000000
video_1091205374369021952,media_session_1091205374369021952,2014-06-19T00:30:48.000000
video_1091781715627802624,media_session_1091781715627802624,2014-06-20T14:40:59.000000
video_1092198309856202752,media_session_1092198309856202752,2014-06-21T18:16:23.000000
video_1092214858084454400,media_session_1092214858084454400,2014-06-21T19:22:08.000000
video_1092907872842665984,media_session_1092907872842665984,2014-06-23T17:15:56.000000
video_1092969087300173824,media_session_1092969087300173824,2014-06-23T21:19:10.000000
video_1093012547432751104,media_session_1093012547432751104,2014-06-24T00:11:52.000000
video_1093077555252453376,media_session_1093077555252453376,2014-06-24T04:30:11.000000
video_1093363423410003968,media_session_1093363423410003968,2014-06-24T23:26:07.000000
video_1093418607750586368,media_session_1093418607750586368,2014-06-25T03:05:24.000000
video_1093485395146063872,media_session_1093485395146063872,2014-06-25T07:30:48.000000
video_1094090769612034048,media_session_1094090769612034048,2014-06-26T23:36:20.000000
video_1094413297685540864,media_session_1094413297685540864,2014-06-27T20:57:57.000000
video_1094470760749301760,media_session_1094470760749301760,2014-06-28T00:46:17.000000
video_1095091242351857664,media_session_1095091242351857664,2014-06-29T17:51:51.000000
video_1095439996166582272,media_session_1095439996166582272,2014-06-30T16:57:41.000000
video_1095446517768163328,media_session_1095446517768163328,2014-06-30T17:23:36.000000
video_1095630491862048768,media_session_1095630491862048768,2014-07-01T05:34:39.000000
video_1095675144338337792,media_session_1095675144338337792,2014-07-01T08:32:05.000000
video_1095736849378570240,media_session_1095736849378570240,2014-07-01T12:37:16.000000
video_1095896759818952704,media_session_1095896759818952704,2014-07-01T23:12:42.000000
video_1095898870002941952,media_session_1095898870002941952,2014-07-01T23:21:05.000000
video_1095990868877398016,media_session_1095990868877398016,2014-07-02T05:26:39.000000
video_1096319947627520000,media_session_1096319947627520000,2014-07-03T03:14:18.000000
video_1096567014052507648,media_session_1096567014052507648,2014-07-03T19:36:03.000000
video_1096618808267177984,media_session_1096618808267177984,2014-07-03T23:01:52.000000
video_1096623496114692096,media_session_1096623496114692096,2014-07-03T23:20:29.000000
video_1096628029943341056,media_session_1096628029943341056,2014-07-03T23:38:30.000000
video_1096952104704180224,media_session_1096952104704180224,2014-07-04T21:06:16.000000
video_1096973775121068032,media_session_1096973775121068032,2014-07-04T22:32:22.000000
video_1097110443434311680,media_session_1097110443434311680,2014-07-05T07:35:27.000000
video_1097549752872361984,media_session_1097549752872361984,2014-07-06T12:41:06.000000
video_1097639562659913728,media_session_1097639562659913728,2014-07-06T18:37:58.000000
video_1097680912839221248,media_session_1097680912839221248,2014-07-06T21:22:17.000000
video_1097701474978656256,media_session_1097701474978656256,2014-07-06T22:43:59.000000
video_1098157924557172736,media_session_1098157924557172736,2014-07-08T04:57:46.000000
video_1098427247180034048,media_session_1098427247180034048,2014-07-08T22:47:57.000000
video_1098494225022345216,media_session_1098494225022345216,2014-07-09T03:14:06.000000
video_1099520439597858816,media_session_1099520439597858816,2014-07-11T23:11:54.000000
video_1099890043511795712,media_session_1099890043511795712,2014-07-12T23:40:35.000000
video_1100096249568595968,media_session_1100096249568595968,2014-07-13T13:19:58.000000
video_1100156714189541376,media_session_1100156714189541376,2014-07-13T17:20:14.000000
video_1100181285881724928,media_session_1100181285881724928,2014-07-13T18:57:52.000000
video_1100569866882150400,media_session_1100569866882150400,2014-07-14T20:41:57.000000
video_1100586565102940160,media_session_1100586565102940160,2014-07-14T21:48:19.000000
video_1100888664311242752,media_session_1100888664311242752,2014-07-15T17:48:45.000000
video_1100966706026872832,media_session_1100966706026872832,2014-07-15T22:58:51.000000
video_1101031922005622784,media_session_1101031922005622784,2014-07-16T03:18:00.000000
video_1101188683316801536,media_session_1101188683316801536,2014-07-16T13:40:55.000000
video_1101279017832968192,media_session_1101279017832968192,2014-07-16T19:39:52.000000
video_1101618694213509120,media_session_1101618694213509120,2014-07-17T18:09:37.000000
video_1101791523529703424,media_session_1101791523529703424,2014-07-18T05:36:23.000000
video_1101859498160779264,media_session_1101859498160779264,2014-07-18T10:06:29.000000
video_1102479930484260864,media_session_1102479930484260864,2014-07-20T03:11:52.000000
video_1102830270438404096,media_session_1102830270438404096,2014-07-21T02:24:00.000000
video_1102862880988413952,media_session_1102862880988413952,2014-07-21T04:33:35.000000
video_1103020491301625856,media_session_1103020491301625856,2014-07-21T14:59:52.000000
video_1103172170706006016,media_session_1103172170706006016,2014-07-22T01:02:35.000000
video_1103553631904591872,media_session_1103553631904591872,2014-07-23T02:18:22.000000
video_1104115343439302656,media_session_1104115343439302656,2014-07-24T15:30:25.000000
video_1104202583716896768,media_session_1104202583716896768,2014-07-24T21:17:05.000000
video_1104203476390772736,media_session_1104203476390772736,2014-07-24T21:20:37.000000
video_1104240194565337088,media_session_1104240194565337088,2014-07-24T23:46:32.000000
video_1104288379144994816,media_session_1104288379144994816,2014-07-25T02:58:00.000000
video_1104496862079217664,media_session_1104496862079217664,2014-07-25T16:46:26.000000
video_1104586493953241088,media_session_1104586493953241088,2014-07-25T22:42:36.000000
video_1104632605485494272,media_session_1104632605485494272,2014-07-26T01:45:50.000000
video_1105231090496466944,media_session_1105231090496466944,2014-07-27T17:24:00.000000
video_1105234550293950464,media_session_1105234550293950464,2014-07-27T17:37:45.000000
video_1105272517608042496,media_session_1105272517608042496,2014-07-27T20:08:37.000000
video_1105383009349226496,media_session_1105383009349226496,2014-07-28T03:27:40.000000
video_1105583807069085696,media_session_1105583807069085696,2014-07-28T16:45:34.000000
video_1105729114431725568,media_session_1105729114431725568,2014-07-29T02:22:58.000000
video_1105729411736543232,media_session_1105729411736543232,2014-07-29T02:24:09.000000
video_1105744359686639616,media_session_1105744359686639616,2014-07-29T03:23:33.000000
video_1105782383447314432,media_session_1105782383447314432,2014-07-29T05:54:38.000000
video_1105920604990816256,media_session_1105920604990816256,2014-07-29T15:03:53.000000
video_1106382301555765248,media_session_1106382301555765248,2014-07-30T21:38:30.000000
video_1106404139707133952,media_session_1106404139707133952,2014-07-30T23:05:16.000000
video_1106472773192384512,media_session_1106472773192384512,2014-07-31T03:38:00.000000
video_1106623252002156544,media_session_1106623252002156544,2014-07-31T13:35:57.000000
video_1106737307656036352,media_session_1106737307656036352,2014-07-31T21:09:10.000000
video_1106772584131141632,media_session_1106772584131141632,2014-07-31T23:29:20.000000
video_1106782634031673344,media_session_1106782634031673344,2014-08-01T00:09:16.000000
video_1107151450280443904,media_session_1107151450280443904,2014-08-02T00:34:49.000000
video_1107167421770379264,media_session_1107167421770379264,2014-08-02T01:38:17.000000
video_1107179072607424512,media_session_1107179072607424512,2014-08-02T02:24:35.000000
video_1107535888336232448,media_session_1107535888336232448,2014-08-03T02:02:26.000000
video_1107604460659785728,media_session_1107604460659785728,2014-08-03T06:34:55.000000
video_1107617794134110208,media_session_1107617794134110208,2014-08-03T07:27:54.000000
video_1107650590911172608,media_session_1107650590911172608,2014-08-03T09:38:14.000000
video_1107672264998305792,media_session_1107672264998305792,2014-08-03T11:04:21.000000
video_1107714967882563584,media_session_1107714967882563584,2014-08-03T13:54:02.000000
video_1107799880996368384,media_session_1107799880996368384,2014-08-03T19:31:27.000000
video_1108179423997366272,media_session_1108179423997366272,2014-08-04T20:39:37.000000
video_1108234260353077248,media_session_1108234260353077248,2014-08-05T00:17:31.000000
video_1108466788171476992,media_session_1108466788171476992,2014-08-05T15:41:30.000000
video_1108531547583512576,media_session_1108531547583512576,2014-08-05T19:58:50.000000
video_1108563930927824896,media_session_1108563930927824896,2014-08-05T22:07:31.000000
video_1108574561156370432,media_session_1108574561156370432,2014-08-05T22:49:45.000000
video_1108881566114979840,media_session_1108881566114979840,2014-08-06T19:09:41.000000
video_1108883196646739968,media_session_1108883196646739968,2014-08-06T19:16:10.000000
video_1109239642722844672,media_session_1109239642722844672,2014-08-07T18:52:33.000000
video_1109647179460808704,media_session_1109647179460808704,2014-08-08T21:51:57.000000
video_1109879618258792448,media_session_1109879618258792448,2014-08-09T13:15:35.000000
video_1109985167533064192,media_session_1109985167533064192,2014-08-09T20:15:00.000000
video_1110178926883393536,media_session_1110178926883393536,2014-08-10T09:04:56.000000
video_1110277591434170368,media_session_1110277591434170368,2014-08-10T15:36:59.000000
video_1110341511658287104,media_session_1110341511658287104,2014-08-10T19:50:59.000000
video_1110456407771295744,media_session_1110456407771295744,2014-08-11T03:27:32.000000
video_1110813546008489984,media_session_1110813546008489984,2014-08-12T03:06:41.000000
video_1110995018279436288,media_session_1110995018279436288,2014-08-12T15:07:47.000000
video_1111084851513430016,media_session_1111084851513430016,2014-08-12T21:04:45.000000
video_1111193671526916096,media_session_1111193671526916096,2014-08-13T04:17:10.000000
video_1111433093904007168,media_session_1111433093904007168,2014-08-13T20:08:33.000000
video_1111467239292444672,media_session_1111467239292444672,2014-08-13T22:24:13.000000
video_1111633371961946112,media_session_1111633371961946112,2014-08-14T09:24:23.000000
video_1111638345144008704,media_session_1111638345144008704,2014-08-14T09:44:08.000000
video_1111742426588270592,media_session_1111742426588270592,2014-08-14T16:37:43.000000
video_1111796155240882176,media_session_1111796155240882176,2014-08-14T20:11:13.000000
video_1112117669618155520,media_session_1112117669618155520,2014-08-15T17:28:48.000000
video_1112180626523672576,media_session_1112180626523672576,2014-08-15T21:38:58.000000
video_1112967397087817728,media_session_1112967397087817728,2014-08-18T01:45:19.000000
video_1113181724466429952,media_session_1113181724466429952,2014-08-18T15:56:59.000000
video_1113277185982144512,media_session_1113277185982144512,2014-08-18T22:16:18.000000
video_1113305755882504192,media_session_1113305755882504192,2014-08-19T00:09:50.000000
video_1113385871555686400,media_session_1113385871555686400,2014-08-19T05:28:11.000000
video_1113743456934793216,media_session_1113743456934793216,2014-08-20T05:09:06.000000
video_1113931305856520192,media_session_1113931305856520192,2014-08-20T17:35:33.000000
video_1115144120886087680,media_session_1115144120886087680,2014-08-24T01:54:50.000000
video_1115833711724789760,media_session_1115833711724789760,2014-08-25T23:35:02.000000
video_1115991006584987648,media_session_1115991006584987648,2014-08-26T10:00:04.000000
video_1116277382010339328,media_session_1116277382010339328,2014-08-27T04:58:01.000000
video_1116566662003810304,media_session_1116566662003810304,2014-08-28T00:07:31.000000
video_1116746377507311616,media_session_1116746377507311616,2014-08-28T12:01:38.000000
video_1116860854491869184,media_session_1116860854491869184,2014-08-28T19:36:31.000000
video_1116987080183062528,media_session_1116987080183062528,2014-08-29T03:58:06.000000
video_1117113774453805056,media_session_1117113774453805056,2014-08-29T12:21:32.000000
video_1117233634110476288,media_session_1117233634110476288,2014-08-29T20:17:49.000000
video_1117252674820435968,media_session_1117252674820435968,2014-08-29T21:33:29.000000
video_1117352411007246336,media_session_1117352411007246336,2014-08-30T04:09:48.000000
video_1117609109555183616,media_session_1117609109555183616,2014-08-30T21:09:49.000000
video_1117635700914032640,media_session_1117635700914032640,2014-08-30T22:55:29.000000
video_1117944738956627968,media_session_1117944738956627968,2014-08-31T19:23:30.000000
video_1118074285567909888,media_session_1118074285567909888,2014-09-01T03:58:16.000000
video_1118326100557180928,media_session_1118326100557180928,2014-09-01T20:38:53.000000
video_1118342327396659200,media_session_1118342327396659200,2014-09-01T21:43:22.000000
video_1118654490065932288,media_session_1118654490065932288,2014-09-02T18:23:48.000000
video_1118658638433644544,media_session_1118658638433644544,2014-09-02T18:40:17.000000
video_1118818378325385216,media_session_1118818378325385216,2014-09-03T05:15:02.000000
video_1119062733426712576,media_session_1119062733426712576,2014-09-03T21:26:00.000000
video_1119743265634504704,media_session_1119743265634504704,2014-09-05T18:30:12.000000
video_1119903629130801152,media_session_1119903629130801152,2014-09-06T05:07:25.000000
video_1119946419399172096,media_session_1119946419399172096,2014-09-06T07:57:27.000000
video_1120192382017613824,media_session_1120192382017613824,2014-09-07T00:14:50.000000
video_1120196474228412416,media_session_1120196474228412416,2014-09-07T00:31:05.000000
video_1120215944149819392,media_session_1120215944149819392,2014-09-07T01:48:27.000000
video_1120230350132772864,media_session_1120230350132772864,2014-09-07T02:45:42.000000
video_1120955068431372288,media_session_1120955068431372288,2014-09-09T02:45:28.000000
video_1120980150667079680,media_session_1120980150667079680,2014-09-09T04:25:08.000000
video_1121064275889537024,media_session_1121064275889537024,2014-09-09T09:59:25.000000
video_1121066447423053824,media_session_1121066447423053824,2014-09-09T10:08:03.000000
video_1121158480284499968,media_session_1121158480284499968,2014-09-09T16:13:45.000000
video_1121212235147096064,media_session_1121212235147096064,2014-09-09T19:47:21.000000
video_1121226538868731904,media_session_1121226538868731904,2014-09-09T20:44:12.000000
video_1121250455540867072,media_session_1121250455540867072,2014-09-09T22:19:14.000000
video_1121577975859580928,media_session_1121577975859580928,2014-09-10T20:00:41.000000
video_1121606367468515328,media_session_1121606367468515328,2014-09-10T21:53:30.000000
video_1121977124702605312,media_session_1121977124702605312,2014-09-11T22:26:45.000000
video_1122388125185138688,media_session_1122388125185138688,2014-09-13T01:39:56.000000
video_1122565290144968704,media_session_1122565290144968704,2014-09-13T13:23:55.000000
video_1122798217923645440,media_session_1122798217923645440,2014-09-14T04:49:29.000000
video_1122916449963679744,media_session_1122916449963679744,2014-09-14T12:39:18.000000
video_1123037967817043968,media_session_1123037967817043968,2014-09-14T20:42:10.000000
video_1123093323410776064,media_session_1123093323410776064,2014-09-15T00:22:08.000000
video_1123119034326523904,media_session_1123119034326523904,2014-09-15T02:04:18.000000
video_1123308659594723328,media_session_1123308659594723328,2014-09-15T14:37:48.000000
video_1123478650373783552,media_session_1123478650373783552,2014-09-16T01:53:17.000000
video_1123525409330565120,media_session_1123525409330565120,2014-09-16T04:59:05.000000
video_1123670404188282880,media_session_1123670404188282880,2014-09-16T14:35:15.000000
video_1123778945582555136,media_session_1123778945582555136,2014-09-16T21:46:33.000000
video_1123816384208752640,media_session_1123816384208752640,2014-09-17T00:15:19.000000
video_1123819302441644032,media_session_1123819302441644032,2014-09-17T00:26:55.000000
video_1124059566955757568,media_session_1124059566955757568,2014-09-17T16:21:38.000000
video_1124193149447798784,media_session_1124193149447798784,2014-09-18T01:12:27.000000
video_1124478819911585792,media_session_1124478819911585792,2014-09-18T20:07:36.000000
video_1124903865352151040,media_session_1124903865352151040,2014-09-20T00:16:35.000000
video_1125123219658354688,media_session_1125123219658354688,2014-09-20T14:48:13.000000
video_1125144559953797120,media_session_1125144559953797120,2014-09-20T16:13:01.000000
video_1125213533622435840,media_session_1125213533622435840,2014-09-20T20:47:05.000000
video_1125222179148386304,media_session_1125222179148386304,2014-09-20T21:21:27.000000
video_1125371652864389120,media_session_1125371652864389120,2014-09-21T07:15:24.000000
video_1125967329365577728,media_session_1125967329365577728,2014-09-22T22:42:24.000000
video_1126434493599809536,media_session_1126434493599809536,2014-09-24T05:38:45.000000
video_1126666343656443904,media_session_1126666343656443904,2014-09-24T21:00:02.000000
video_1126668932112158720,media_session_1126668932112158720,2014-09-24T21:10:19.000000
video_1126712015210393600,media_session_1126712015210393600,2014-09-25T00:01:31.000000
video_1127053283874267136,media_session_1127053283874267136,2014-09-25T22:37:36.000000
video_1127158979873607680,media_session_1127158979873607680,2014-09-26T05:37:36.000000
video_1127822026334154752,media_session_1127822026334154752,2014-09-28T01:32:18.000000
video_1127876297960669184,media_session_1127876297960669184,2014-09-28T05:07:58.000000
video_1127899310961647616,media_session_1127899310961647616,2014-09-28T06:39:25.000000
video_1128105482884636672,media_session_1128105482884636672,2014-09-28T20:18:40.000000
video_1128137015083618304,media_session_1128137015083618304,2014-09-28T22:23:58.000000
video_1128501265627025408,media_session_1128501265627025408,2014-09-29T22:31:22.000000
video_1128846724262416384,media_session_1128846724262416384,2014-09-30T21:24:06.000000
video_1129971720628121600,media_session_1129971720628121600,2014-10-03T23:54:26.000000
video_1130132083722067968,media_session_1130132083722067968,2014-10-04T10:31:39.000000
video_1130232332545142784,media_session_1130232332545142784,2014-10-04T17:10:00.000000
video_1130289000075177984,media_session_1130289000075177984,2014-10-04T20:55:11.000000
video_1130614482700529664,media_session_1130614482700529664,2014-10-05T18:28:32.000000
video_1130968503164329984,media_session_1130968503164329984,2014-10-06T17:55:17.000000
video_1130982740506849280,media_session_1130982740506849280,2014-10-06T18:51:51.000000
video_1131004326379503616,media_session_1131004326379503616,2014-10-06T20:17:38.000000
video_1131097486707351552,media_session_1131097486707351552,2014-10-07T02:27:49.000000
video_1131106768244871168,media_session_1131106768244871168,2014-10-07T03:04:42.000000
video_1131394594089680896,media_session_1131394594089680896,2014-10-07T22:08:25.000000
video_1131434704818540544,media_session_1131434704818540544,2014-10-08T00:47:48.000000
video_1131786600502677504,media_session_1131786600502677504,2014-10-09T00:06:07.000000
video_1131796294386483200,media_session_1131796294386483200,2014-10-09T00:44:38.000000
video_1131802386772721664,media_session_1131802386772721664,2014-10-09T01:08:50.000000
video_1131877970764574720,media_session_1131877970764574720,2014-10-09T06:09:11.000000
video_1131984583236198400,media_session_1131984583236198400,2014-10-09T13:12:49.000000
video_1132085719264010240,media_session_1132085719264010240,2014-10-09T19:54:42.000000
video_1132177012702806016,media_session_1132177012702806016,2014-10-10T01:57:28.000000
video_1132434737164881920,media_session_1132434737164881920,2014-10-10T19:01:34.000000
video_1132551371829207040,media_session_1132551371829207040,2014-10-11T02:45:02.000000
video_1132791665380470784,media_session_1132791665380470784,2014-10-11T18:39:53.000000
video_1132907236507746304,media_session_1132907236507746304,2014-10-12T02:19:07.000000
video_1133303721170997248,media_session_1133303721170997248,2014-10-13T04:34:36.000000
video_1133597792259268608,media_session_1133597792259268608,2014-10-14T00:03:08.000000
video_1133675111459774464,media_session_1133675111459774464,2014-10-14T05:10:23.000000
video_1133907446788939776,media_session_1133907446788939776,2014-10-14T20:33:36.000000
video_1134017703750103040,media_session_1134017703750103040,2014-10-15T03:51:43.000000
video_1134574208522035200,media_session_1134574208522035200,2014-10-16T16:43:04.000000
video_1134683032226336768,media_session_1134683032226336768,2014-10-16T23:55:30.000000
video_1134692072150949888,media_session_1134692072150949888,2014-10-17T00:31:25.000000
video_1134750388717752320,media_session_1134750388717752320,2014-10-17T04:23:09.000000
video_1134908868867313664,media_session_1134908868867313664,2014-10-17T14:52:53.000000
video_1135396246904094720,media_session_1135396246904094720,2014-10-18T23:09:33.000000
video_1135661876378783744,media_session_1135661876378783744,2014-10-19T16:45:04.000000
video_1136091225905082368,media_session_1136091225905082368,2014-10-20T21:11:09.000000
video_1136438550527709184,media_session_1136438550527709184,2014-10-21T20:11:18.000000
video_1136455692388089856,media_session_1136455692388089856,2014-10-21T21:19:25.000000
video_1136542961623310336,media_session_1136542961623310336,2014-10-22T03:06:11.000000
video_1136923911028723712,media_session_1136923911028723712,2014-10-23T04:19:57.000000
video_1137168303912091648,media_session_1137168303912091648,2014-10-23T20:31:05.000000
video_1137491857195315200,media_session_1137491857195315200,2014-10-24T17:56:46.000000
video_1137537063202222080,media_session_1137537063202222080,2014-10-24T20:56:24.000000
video_1137584551972270080,media_session_1137584551972270080,2014-10-25T00:05:06.000000
video_1137629756226174976,media_session_1137629756226174976,2014-10-25T03:04:44.000000
video_1137818305697390592,media_session_1137818305697390592,2014-10-25T15:33:57.000000
video_1137818665115414528,media_session_1137818665115414528,2014-10-25T15:35:23.000000
video_1138169176205225985,media_session_1138169176205225985,2014-10-26T14:48:11.000000
video_1138227974857265152,media_session_1138227974857265152,2014-10-26T18:41:50.000000
video_1139049958595825664,media_session_1139049958595825664,2014-10-29T01:08:06.000000
video_1139057707211706368,media_session_1139057707211706368,2014-10-29T01:38:54.000000
video_1139231068516737024,media_session_1139231068516737024,2014-10-29T13:07:46.000000
video_1139338109591482368,media_session_1139338109591482368,2014-10-29T20:13:07.000000
video_1139371426856730624,media_session_1139371426856730624,2014-10-29T22:25:30.000000
video_1139484244960555008,media_session_1139484244960555008,2014-10-30T05:53:48.000000
video_1139571355960934400,media_session_1139571355960934400,2014-10-30T11:39:57.000000
video_1139998679755812864,media_session_1139998679755812864,2014-10-31T15:57:59.000000
video_1140064326645075968,media_session_1140064326645075968,2014-10-31T20:18:50.000000
video_1140092730949672960,media_session_1140092730949672960,2014-10-31T22:11:42.000000
video_1140761601281069056,media_session_1140761601281069056,2014-11-02T18:29:34.000000
video_1140906491818233856,media_session_1140906491818233856,2014-11-03T04:05:18.000000
video_1140936616479985664,media_session_1140936616479985664,2014-11-03T06:05:00.000000
video_1140939557404024832,media_session_1140939557404024832,2014-11-03T06:16:42.000000
video_1141143060303282176,media_session_1141143060303282176,2014-11-03T19:45:20.000000
video_1141578684688445440,media_session_1141578684688445440,2014-11-05T00:36:21.000000
video_1141606450175594496,media_session_1141606450175594496,2014-11-05T02:26:41.000000
video_1141891042325520384,media_session_1141891042325520384,2014-11-05T21:17:33.000000
video_1142134642015895552,media_session_1142134642015895552,2014-11-06T13:25:32.000000
video_1142252770586521600,media_session_1142252770586521600,2014-11-06T21:14:56.000000
video_1142295750332801024,media_session_1142295750332801024,2014-11-07T00:05:43.000000
video_1142331209431846912,media_session_1142331209431846912,2014-11-07T02:26:37.000000
video_1142441980983689216,media_session_1142441980983689216,2014-11-07T09:46:47.000000
video_1143223431605952512,media_session_1143223431605952512,2014-11-09T13:32:00.000000
video_1143287259584675840,media_session_1143287259584675840,2014-11-09T17:45:37.000000
video_1143289117963067392,media_session_1143289117963067392,2014-11-09T17:53:01.000000
video_1143343164300689408,media_session_1143343164300689408,2014-11-09T21:27:46.000000
video_1144054832739561472,media_session_1144054832739561472,2014-11-11T20:35:41.000000
video_1144089309163761664,media_session_1144089309163761664,2014-11-11T22:52:41.000000
video_1144094099423514624,media_session_1144094099423514624,2014-11-11T23:11:43.000000
video_1144141477287514112,media_session_1144141477287514112,2014-11-12T02:19:59.000000
video_1144331807962107904,media_session_1144331807962107904,2014-11-12T14:56:17.000000
video_1144357237079343104,media_session_1144357237079343104,2014-11-12T16:37:20.000000
video_1144852046810681344,media_session_1144852046810681344,2014-11-14T01:23:32.000000
video_1145093858573631488,media_session_1145093858573631488,2014-11-14T17:24:24.000000
video_1145133476874444800,media_session_1145133476874444800,2014-11-14T20:01:50.000000
video_1145255386925215744,media_session_1145255386925215744,2014-11-15T04:06:16.000000
video_1145462513799180288,media_session_1145462513799180288,2014-11-15T17:49:18.000000
video_1145541936233512960,media_session_1145541936233512960,2014-11-15T23:04:54.000000
video_1145644420725678080,media_session_1145644420725678080,2014-11-16T05:52:08.000000
video_1145850829799116800,media_session_1145850829799116800,2014-11-16T19:32:20.000000
video_1145901976232550400,media_session_1145901976232550400,2014-11-16T22:55:34.000000
video_1145975873728655360,media_session_1145975873728655360,2014-11-17T03:49:13.000000
video_1145994207522361344,media_session_1145994207522361344,2014-11-17T05:02:04.000000
video_1146249209444712448,media_session_1146249209444712448,2014-11-17T21:55:21.000000
video_1146255566205804544,media_session_1146255566205804544,2014-11-17T22:20:37.000000
video_1146305661932544000,media_session_1146305661932544000,2014-11-18T01:39:41.000000
video_1146660619244724224,media_session_1146660619244724224,2014-11-19T01:10:09.000000
video_1146660624768872448,media_session_1146660624768872448,2014-11-19T01:10:10.000000
video_1146682191703834624,media_session_1146682191703834624,2014-11-19T02:35:52.000000
video_1146773813787328512,media_session_1146773813787328512,2014-11-19T08:39:57.000000
video_1146944515064893440,media_session_1146944515064893440,2014-11-19T19:58:15.000000
video_1146973250014863360,media_session_1146973250014863360,2014-11-19T21:52:26.000000
video_1147038872589438976,media_session_1147038872589438976,2014-11-20T02:13:12.000000
video_1147079459804004352,media_session_1147079459804004352,2014-11-20T04:54:28.000000
video_1147087383884611584,media_session_1147087383884611584,2014-11-20T05:25:58.000000
video_1147214053744226304,media_session_1147214053744226304,2014-11-20T13:49:18.000000
video_1147331269718618112,media_session_1147331269718618112,2014-11-20T21:35:05.000000
video_1147338356309544960,media_session_1147338356309544960,2014-11-20T22:03:14.000000
video_1147397945940172800,media_session_1147397945940172800,2014-11-21T02:00:01.000000
video_1147707543662247936,media_session_1147707543662247936,2014-11-21T22:30:15.000000
video_1147790913473802240,media_session_1147790913473802240,2014-11-22T04:01:32.000000
video_1148850447302692864,media_session_1148850447302692864,2014-11-25T02:11:45.000000
video_1148862471034011648,media_session_1148862471034011648,2014-11-25T02:59:31.000000
video_1148864800336834560,media_session_1148864800336834560,2014-11-25T03:08:47.000000
video_1148870331159699456,media_session_1148870331159699456,2014-11-25T03:30:45.000000
video_1148886527963955200,media_session_1148886527963955200,2014-11-25T04:35:07.000000
video_1148898679500255232,media_session_1148898679500255232,2014-11-25T05:23:24.000000
video_1148914872248410112,media_session_1148914872248410112,2014-11-25T06:27:45.000000
video_1149037756371320832,media_session_1149037756371320832,2014-11-25T14:36:03.000000
video_1149040324006629376,media_session_1149040324006629376,2014-11-25T14:46:15.000000
video_1149078962279211008,media_session_1149078962279211008,2014-11-25T17:19:47.000000
video_1149097542819139584,media_session_1149097542819139584,2014-11-25T18:33:37.000000
video_1149108835580022784,media_session_1149108835580022784,2014-11-25T19:18:29.000000
video_1149113030794485760,media_session_1149113030794485760,2014-11-25T19:35:10.000000
video_1149143832555147264,media_session_1149143832555147264,2014-11-25T21:37:33.000000
video_1149150181552459776,media_session_1149150181552459776,2014-11-25T22:02:47.000000
video_1149178946789986304,media_session_1149178946789986304,2014-11-25T23:57:05.000000
video_1149189214303641600,media_session_1149189214303641600,2014-11-26T00:37:53.000000
video_1149544187516035072,media_session_1149544187516035072,2014-11-27T00:08:25.000000
video_1149761218580512768,media_session_1149761218580512768,2014-11-27T14:30:50.000000
video_1149815277853339648,media_session_1149815277853339648,2014-11-27T18:05:38.000000
video_1150153898221604864,media_session_1150153898221604864,2014-11-28T16:31:12.000000
video_1150175436693749760,media_session_1150175436693749760,2014-11-28T17:56:47.000000
video_1150217176888815616,media_session_1150217176888815616,2014-11-28T20:42:38.000000
video_1150286134589440000,media_session_1150286134589440000,2014-11-29T01:16:39.000000
video_1150320501583921152,media_session_1150320501583921152,2014-11-29T03:33:13.000000
video_1150544685866143744,media_session_1150544685866143744,2014-11-29T18:24:03.000000
video_1150549817399898112,media_session_1150549817399898112,2014-11-29T18:44:26.000000
video_1150571393902436352,media_session_1150571393902436352,2014-11-29T20:10:10.000000
video_1150732310153666560,media_session_1150732310153666560,2014-11-30T06:49:36.000000
video_1150974608728883200,media_session_1150974608728883200,2014-11-30T22:52:24.000000
video_1151041668502671360,media_session_1151041668502671360,2014-12-01T03:18:53.000000
video_1151131828892114944,media_session_1151131828892114944,2014-12-01T09:17:09.000000
video_1151348347664293888,media_session_1151348347664293888,2014-12-01T23:37:31.000000
video_1151375296252272640,media_session_1151375296252272640,2014-12-02T01:24:36.000000
video_1151417953988849664,media_session_1151417953988849664,2014-12-02T04:14:06.000000
video_1151438803857186816,media_session_1151438803857186816,2014-12-02T05:36:57.000000
video_1151751082146471936,media_session_1151751082146471936,2014-12-03T02:17:50.000000
video_1152013993666629632,media_session_1152013993666629632,2014-12-03T19:42:33.000000
video_1152035731439788032,media_session_1152035731439788032,2014-12-03T21:08:56.000000
video_1152048842963853312,media_session_1152048842963853312,2014-12-03T22:01:02.000000
video_1152109702961065984,media_session_1152109702961065984,2014-12-04T02:02:52.000000
video_1152325866454708224,media_session_1152325866454708224,2014-12-04T16:21:49.000000
video_1152375978807496704,media_session_1152375978807496704,2014-12-04T19:40:57.000000
video_1152440031538262016,media_session_1152440031538262016,2014-12-04T23:55:28.000000
video_1152467943851012096,media_session_1152467943851012096,2014-12-05T01:46:23.000000
video_1152774856690098176,media_session_1152774856690098176,2014-12-05T22:05:57.000000
video_1152796309452173312,media_session_1152796309452173312,2014-12-05T23:31:12.000000
video_1152805998260617216,media_session_1152805998260617216,2014-12-06T00:09:42.000000
video_1152816866960560128,media_session_1152816866960560128,2014-12-06T00:52:53.000000
video_1153087665659604992,media_session_1153087665659604992,2014-12-06T18:48:56.000000
video_1153121937149644800,media_session_1153121937149644800,2014-12-06T21:05:07.000000
video_1153579232531042304,media_session_1153579232531042304,2014-12-08T03:22:15.000000
video_1153805453625622528,media_session_1153805453625622528,2014-12-08T18:21:10.000000
video_1153839686054285312,media_session_1153839686054285312,2014-12-08T20:37:12.000000
video_1153877774747004928,media_session_1153877774747004928,2014-12-08T23:08:33.000000
video_1153964867745886208,media_session_1153964867745886208,2014-12-09T04:54:38.000000
video_1154187672588529664,media_session_1154187672588529664,2014-12-09T19:39:58.000000
video_1154245906804473856,media_session_1154245906804473856,2014-12-09T23:31:23.000000
video_1154295514678829056,media_session_1154295514678829056,2014-12-10T02:48:30.000000
video_1154395340687204352,media_session_1154395340687204352,2014-12-10T09:25:10.000000
video_1154563101698543616,media_session_1154563101698543616,2014-12-10T20:31:48.000000
video_1154631183800373248,media_session_1154631183800373248,2014-12-11T01:02:20.000000
video_1154637880610746368,media_session_1154637880610746368,2014-12-11T01:28:56.000000
video_1154691382318178304,media_session_1154691382318178304,2014-12-11T05:01:32.000000
video_1155021840100564992,media_session_1155021840100564992,2014-12-12T02:54:39.000000
video_1155088061789569024,media_session_1155088061789569024,2014-12-12T07:17:48.000000
video_1155434003936194560,media_session_1155434003936194560,2014-12-13T06:12:27.000000
video_1155900416773836800,media_session_1155900416773836800,2014-12-14T13:05:48.000000
video_1155963415588950016,media_session_1155963415588950016,2014-12-14T17:16:09.000000
video_1155999615620157440,media_session_1155999615620157440,2014-12-14T19:39:59.000000
video_1156289459633999872,media_session_1156289459633999872,2014-12-15T14:51:43.000000
video_1156414078580133888,media_session_1156414078580133888,2014-12-15T23:06:55.000000
video_1156453163369406464,media_session_1156453163369406464,2014-12-16T01:42:14.000000
video_1156459766562889728,media_session_1156459766562889728,2014-12-16T02:08:28.000000
video_1156467652974342144,media_session_1156467652974342144,2014-12-16T02:39:48.000000
video_1156637482440609792,media_session_1156637482440609792,2014-12-16T13:54:39.000000
video_1156758594600284160,media_session_1156758594600284160,2014-12-16T21:55:54.000000
video_1157172778362175488,media_session_1157172778362175488,2014-12-18T01:21:43.000000
video_1157191751178588160,media_session_1157191751178588160,2014-12-18T02:37:07.000000
video_1157453574419460096,media_session_1157453574419460096,2014-12-18T19:57:30.000000
video_1157541403673403392,media_session_1157541403673403392,2014-12-19T01:46:30.000000
video_1157551263320367104,media_session_1157551263320367104,2014-12-19T02:25:41.000000
video_1157568108295270400,media_session_1157568108295270400,2014-12-19T03:32:37.000000
video_1157785148612382720,media_session_1157785148612382720,2014-12-19T17:55:04.000000
video_1157810188783390720,media_session_1157810188783390720,2014-12-19T19:34:34.000000
video_1157842244938698752,media_session_1157842244938698752,2014-12-19T21:41:56.000000
video_1157935387629731840,media_session_1157935387629731840,2014-12-20T03:52:03.000000
video_1158208932159123456,media_session_1158208932159123456,2014-12-20T21:59:01.000000
video_1158950726895394816,media_session_1158950726895394816,2014-12-22T23:06:39.000000
video_1158959873166389248,media_session_1158959873166389248,2014-12-22T23:43:00.000000
video_1158987090408112128,media_session_1158987090408112128,2014-12-23T01:31:09.000000
video_1159001002570125312,media_session_1159001002570125312,2014-12-23T02:26:26.000000
video_1159212859239321600,media_session_1159212859239321600,2014-12-23T16:28:16.000000
video_1159223757680914432,media_session_1159223757680914432,2014-12-23T17:11:35.000000
video_1159300006243655680,media_session_1159300006243655680,2014-12-23T22:14:34.000000
video_1159325623031095296,media_session_1159325623031095296,2014-12-23T23:56:21.000000
video_1159386710598402048,media_session_1159386710598402048,2014-12-24T03:59:06.000000
video_1159462478544101376,media_session_1159462478544101376,2014-12-24T09:00:10.000000
video_1159515118229397504,media_session_1159515118229397504,2014-12-24T12:29:20.000000
video_1159559695544299520,media_session_1159559695544299520,2014-12-24T15:26:28.000000
video_1159585512882143232,media_session_1159585512882143232,2014-12-24T17:09:04.000000
video_1160347476902006784,media_session_1160347476902006784,2014-12-26T19:36:50.000000
video_1160414289270632448,media_session_1160414289270632448,2014-12-27T00:02:20.000000
video_1160685224867364864,media_session_1160685224867364864,2014-12-27T17:58:56.000000
video_1160687030888706048,media_session_1160687030888706048,2014-12-27T18:06:06.000000
video_1160855446715092992,media_session_1160855446715092992,2014-12-28T05:15:20.000000
video_1160900609034358784,media_session_1160900609034358784,2014-12-28T08:14:47.000000
video_1161011745188642816,media_session_1161011745188642816,2014-12-28T15:36:24.000000
video_1161096355180343296,media_session_1161096355180343296,2014-12-28T21:12:37.000000
video_1161153849332068352,media_session_1161153849332068352,2014-12-29T01:01:04.000000
video_1161274434586574848,media_session_1161274434586574848,2014-12-29T09:00:14.000000
video_1161351608429625344,media_session_1161351608429625344,2014-12-29T14:06:54.000000
video_1161367022081286144,media_session_1161367022081286144,2014-12-29T15:08:09.000000
video_1161394357018984448,media_session_1161394357018984448,2014-12-29T16:56:46.000000
video_1161460481937096704,media_session_1161460481937096704,2014-12-29T21:19:31.000000
video_1161504489703194624,media_session_1161504489703194624,2014-12-30T00:14:24.000000
video_1161576632339873792,media_session_1161576632339873792,2014-12-30T05:01:04.000000
video_1161738248465584128,media_session_1161738248465584128,2014-12-30T15:43:16.000000
video_1161761878444322816,media_session_1161761878444322816,2014-12-30T17:17:10.000000
video_1161768321448910848,media_session_1161768321448910848,2014-12-30T17:42:46.000000
video_1161834111133155329,media_session_1161834111133155329,2014-12-30T22:04:11.000000
video_1161854419499900928,media_session_1161854419499900928,2014-12-30T23:24:53.000000
video_1161944831988289536,media_session_1161944831988289536,2014-12-31T05:24:09.000000
video_1161979387932291072,media_session_1161979387932291072,2014-12-31T07:41:28.000000
video_1162164653938376704,media_session_1162164653938376704,2014-12-31T19:57:39.000000
video_1162171218322206720,media_session_1162171218322206720,2014-12-31T20:23:44.000000
video_1162188993182695424,media_session_1162188993182695424,2014-12-31T21:34:22.000000
video_1162257615913467904,media_session_1162257615913467904,2015-01-01T02:07:03.000000
video_1162527278816165888,media_session_1162527278816165888,2015-01-01T19:58:35.000000
video_1162579099936542720,media_session_1162579099936542720,2015-01-01T23:24:31.000000
video_1162580603787464704,media_session_1162580603787464704,2015-01-01T23:30:29.000000
video_1162626868445327360,media_session_1162626868445327360,2015-01-02T02:34:19.000000
video_1162654097317531648,media_session_1162654097317531648,2015-01-02T04:22:31.000000
video_1162671506677997568,media_session_1162671506677997568,2015-01-02T05:31:42.000000
video_1162892916084375552,media_session_1162892916084375552,2015-01-02T20:11:30.000000
video_1162968975672778752,media_session_1162968975672778752,2015-01-03T01:13:44.000000
video_1162995993596370944,media_session_1162995993596370944,2015-01-03T03:01:06.000000
video_1163154798393061376,media_session_1163154798393061376,2015-01-03T13:32:08.000000
video_1163260773993480192,media_session_1163260773993480192,2015-01-03T20:33:14.000000
video_1163434661226446848,media_session_1163434661226446848,2015-01-04T08:04:12.000000
video_1163561219811172352,media_session_1163561219811172352,2015-01-04T16:27:06.000000
video_1163579451632771072,media_session_1163579451632771072,2015-01-04T17:39:33.000000
video_1163626828175691776,media_session_1163626828175691776,2015-01-04T20:47:48.000000
video_1163980691873357824,media_session_1163980691873357824,2015-01-05T20:13:56.000000
video_1164065840933773312,media_session_1164065840933773312,2015-01-06T01:52:17.000000
video_1164091195023306752,media_session_1164091195023306752,2015-01-06T03:33:02.000000
video_1164288224353816576,media_session_1164288224353816576,2015-01-06T16:35:58.000000
video_1164406383115116544,media_session_1164406383115116544,2015-01-07T00:25:29.000000
video_1164774910267441152,media_session_1164774910267441152,2015-01-08T00:49:53.000000
video_1164828038630879232,media_session_1164828038630879232,2015-01-08T04:20:59.000000
video_1164855192760602624,media_session_1164855192760602624,2015-01-08T06:08:53.000000
video_1165086499860275200,media_session_1165086499860275200,2015-01-08T21:28:01.000000
video_1165174042676912128,media_session_1165174042676912128,2015-01-09T03:15:53.000000
video_1165506062229676032,media_session_1165506062229676032,2015-01-10T01:15:13.000000
video_1165738614752411648,media_session_1165738614752411648,2015-01-10T16:39:18.000000
video_1165764066229542912,media_session_1165764066229542912,2015-01-10T18:20:26.000000
video_1165783210110701568,media_session_1165783210110701568,2015-01-10T19:36:30.000000
video_1165856327927750656,media_session_1165856327927750656,2015-01-11T00:27:03.000000
video_1165888095896649728,media_session_1165888095896649728,2015-01-11T02:33:17.000000
video_1166111009145245696,media_session_1166111009145245696,2015-01-11T17:19:03.000000
video_1166131397384433664,media_session_1166131397384433664,2015-01-11T18:40:04.000000
video_1166274181290512384,media_session_1166274181290512384,2015-01-12T04:07:27.000000
video_1166565010009370624,media_session_1166565010009370624,2015-01-12T23:23:06.000000
video_1166952370773897216,media_session_1166952370773897216,2015-01-14T01:02:20.000000
video_1166993514807304192,media_session_1166993514807304192,2015-01-14T03:45:49.000000
video_1167285168810471424,media_session_1167285168810471424,2015-01-14T23:04:45.000000
video_1167324347300724736,media_session_1167324347300724736,2015-01-15T01:40:26.000000
video_1167671471288844288,media_session_1167671471288844288,2015-01-16T00:39:47.000000
video_1167693037900857344,media_session_1167693037900857344,2015-01-16T02:05:28.000000
video_1167724898471256064,media_session_1167724898471256064,2015-01-16T04:12:05.000000
video_1167795973586853888,media_session_1167795973586853888,2015-01-16T08:54:30.000000
video_1167971795727470592,media_session_1167971795727470592,2015-01-16T20:33:09.000000
video_1168252445500276736,media_session_1168252445500276736,2015-01-17T15:08:22.000000
video_1168320669927215104,media_session_1168320669927215104,2015-01-17T19:39:28.000000
video_1168334899766272000,media_session_1168334899766272000,2015-01-17T20:36:00.000000
video_1168346839330738176,media_session_1168346839330738176,2015-01-17T21:23:27.000000
video_1168389164421763072,media_session_1168389164421763072,2015-01-18T00:11:38.000000
video_1168612975406645248,media_session_1168612975406645248,2015-01-18T15:00:59.000000
video_1168651744683921408,media_session_1168651744683921408,2015-01-18T17:35:02.000000
video_1168674303898976256,media_session_1168674303898976256,2015-01-18T19:04:40.000000
video_1168806492346982400,media_session_1168806492346982400,2015-01-19T03:49:57.000000
video_1169048030134378496,media_session_1169048030134378496,2015-01-19T19:49:44.000000
video_1169050854352097280,media_session_1169050854352097280,2015-01-19T20:00:57.000000
video_1169093466169511936,media_session_1169093466169511936,2015-01-19T22:50:17.000000
video_1169158296855359488,media_session_1169158296855359488,2015-01-20T03:07:53.000000
video_1169169185545318400,media_session_1169169185545318400,2015-01-20T03:51:09.000000
video_1169358143893966848,media_session_1169358143893966848,2015-01-20T16:22:01.000000
video_1169427455535419392,media_session_1169427455535419392,2015-01-20T20:57:26.000000
video_1169489874899066880,media_session_1169489874899066880,2015-01-21T01:05:28.000000
video_1169494844386037760,media_session_1169494844386037760,2015-01-21T01:25:13.000000
video_1169509008340873216,media_session_1169509008340873216,2015-01-21T02:21:30.000000
video_1169688255890186240,media_session_1169688255890186240,2015-01-21T14:13:45.000000
video_1170095958982549504,media_session_1170095958982549504,2015-01-22T17:13:49.000000
video_1170173033755934720,media_session_1170173033755934720,2015-01-22T22:20:06.000000
video_1170303946817167360,media_session_1170303946817167360,2015-01-23T07:00:18.000000
video_1170465736184012800,media_session_1170465736184012800,2015-01-23T17:43:11.000000
video_1170466885566111744,media_session_1170466885566111744,2015-01-23T17:47:45.000000
video_1170556890108088320,media_session_1170556890108088320,2015-01-23T23:45:24.000000
video_1170871500140666880,media_session_1170871500140666880,2015-01-24T20:35:33.000000
video_1170976393530941440,media_session_1170976393530941440,2015-01-25T03:32:21.000000
video_1171065124103041024,media_session_1171065124103041024,2015-01-25T09:24:56.000000
video_1171237779695689728,media_session_1171237779695689728,2015-01-25T20:51:01.000000
video_1171260118231326721,media_session_1171260118231326721,2015-01-25T22:19:47.000000
video_1171278643926863872,media_session_1171278643926863872,2015-01-25T23:33:24.000000
video_1171672626838544384,media_session_1171672626838544384,2015-01-27T01:38:56.000000
video_1171707907222761472,media_session_1171707907222761472,2015-01-27T03:59:08.000000
video_1172007640122183680,media_session_1172007640122183680,2015-01-27T23:50:10.000000
video_1172034196974489600,media_session_1172034196974489600,2015-01-28T01:35:41.000000
video_1172059693724884992,media_session_1172059693724884992,2015-01-28T03:17:00.000000
video_1172089525221363712,media_session_1172089525221363712,2015-01-28T05:15:33.000000
video_1172294545229434880,media_session_1172294545229434880,2015-01-28T18:50:13.000000
video_1172495009132781568,media_session_1172495009132781568,2015-01-29T08:06:48.000000
video_1172688614447071232,media_session_1172688614447071232,2015-01-29T20:56:07.000000
video_1172703605590056960,media_session_1172703605590056960,2015-01-29T21:55:41.000000
video_1172707363586002944,media_session_1172707363586002944,2015-01-29T22:10:37.000000
video_1172723682289004544,media_session_1172723682289004544,2015-01-29T23:15:28.000000
video_1172735260652687360,media_session_1172735260652687360,2015-01-30T00:01:28.000000
video_1172805293197914112,media_session_1172805293197914112,2015-01-30T04:39:45.000000
video_1173054632894054400,media_session_1173054632894054400,2015-01-30T21:10:32.000000
video_1173106996371677184,media_session_1173106996371677184,2015-01-31T00:38:37.000000
video_1173117061120327680,media_session_1173117061120327680,2015-01-31T01:18:36.000000
video_1173177027818323968,media_session_1173177027818323968,2015-01-31T05:16:54.000000
video_1173253347336237056,media_session_1173253347336237056,2015-01-31T10:20:09.000000
video_1173331691574583296,media_session_1173331691574583296,2015-01-31T15:31:28.000000
video_1173344250096697344,media_session_1173344250096697344,2015-01-31T16:21:22.000000
video_1173345217597095936,media_session_1173345217597095936,2015-01-31T16:25:13.000000
video_1173457572985225216,media_session_1173457572985225216,2015-01-31T23:51:41.000000
video_1173698181440397312,media_session_1173698181440397312,2015-02-01T15:47:46.000000
video_1173764731941654528,media_session_1173764731941654528,2015-02-01T20:12:13.000000
video_1173788073822248960,media_session_1173788073822248960,2015-02-01T21:44:58.000000
video_1173871042415198208,media_session_1173871042415198208,2015-02-02T03:14:39.000000
video_1173871317838430208,media_session_1173871317838430208,2015-02-02T03:15:45.000000
video_1173882968301883392,media_session_1173882968301883392,2015-02-02T04:02:03.000000
video_1173883918076841984,media_session_1173883918076841984,2015-02-02T04:05:49.000000
video_1174139920647086080,media_session_1174139920647086080,2015-02-02T21:03:05.000000
video_1174178818253320192,media_session_1174178818253320192,2015-02-02T23:37:39.000000
video_1174190715665047552,media_session_1174190715665047552,2015-02-03T00:24:56.000000
video_1174223732999438336,media_session_1174223732999438336,2015-02-03T02:36:07.000000
video_1174245255768346624,media_session_1174245255768346624,2015-02-03T04:01:39.000000
video_1174312914862411776,media_session_1174312914862411776,2015-02-03T08:30:30.000000
video_1174521589077852160,media_session_1174521589077852160,2015-02-03T22:19:42.000000
video_1174566324454768640,media_session_1174566324454768640,2015-02-04T01:17:28.000000
video_1174852090141560832,media_session_1174852090141560832,2015-02-04T20:12:59.000000
video_1174867646131699712,media_session_1174867646131699712,2015-02-04T21:14:48.000000
video_1174929297677389824,media_session_1174929297677389824,2015-02-05T01:19:47.000000
video_1174956015058567168,media_session_1174956015058567168,2015-02-05T03:05:57.000000
video_1175171847919206400,media_session_1175171847919206400,2015-02-05T17:23:36.000000
video_1175237914666627072,media_session_1175237914666627072,2015-02-05T21:46:07.000000
video_1175534682763677696,media_session_1175534682763677696,2015-02-06T17:25:22.000000
video_1175799532286894080,media_session_1175799532286894080,2015-02-07T10:57:47.000000
video_1175909985952190464,media_session_1175909985952190464,2015-02-07T18:16:42.000000
video_1175946850696650752,media_session_1175946850696650752,2015-02-07T20:43:11.000000
video_1176245201720033280,media_session_1176245201720033280,2015-02-08T16:28:43.000000
video_1176398683009388544,media_session_1176398683009388544,2015-02-09T02:38:36.000000
video_1176404479424471040,media_session_1176404479424471040,2015-02-09T03:01:38.000000
video_1176409811588722689,media_session_1176409811588722689,2015-02-09T03:22:49.000000
video_1176423855544258560,media_session_1176423855544258560,2015-02-09T04:18:38.000000
video_1176468460994273280,media_session_1176468460994273280,2015-02-09T07:15:52.000000
video_1176770072732479488,media_session_1176770072732479488,2015-02-10T03:14:22.000000
video_1176833275743068160,media_session_1176833275743068160,2015-02-10T07:25:31.000000
video_1177065690230943744,media_session_1177065690230943744,2015-02-10T22:49:03.000000
video_1177099043068051456,media_session_1177099043068051456,2015-02-11T01:01:35.000000
video_1177102953841311744,media_session_1177102953841311744,2015-02-11T01:17:07.000000
video_1177141283874082816,media_session_1177141283874082816,2015-02-11T03:49:26.000000
video_1177434684763013120,media_session_1177434684763013120,2015-02-11T23:15:18.000000
video_1177470110844268544,media_session_1177470110844268544,2015-02-12T01:36:04.000000
video_1177505698758692864,media_session_1177505698758692864,2015-02-12T03:57:29.000000
video_1177781116413820928,media_session_1177781116413820928,2015-02-12T22:11:54.000000
video_1177969231829131264,media_session_1177969231829131264,2015-02-13T10:39:24.000000
video_1178132993827835904,media_session_1178132993827835904,2015-02-13T21:30:08.000000
video_1178177738159624192,media_session_1178177738159624192,2015-02-14T00:27:56.000000
video_1178264272132829184,media_session_1178264272132829184,2015-02-14T06:11:47.000000
video_1178391541912653824,media_session_1178391541912653824,2015-02-14T14:37:31.000000
video_1178447414039130112,media_session_1178447414039130112,2015-02-14T18:19:32.000000
video_1178457386067935232,media_session_1178457386067935232,2015-02-14T18:59:09.000000
video_1178473552777744384,media_session_1178473552777744384,2015-02-14T20:03:23.000000
video_1178570675292639232,media_session_1178570675292639232,2015-02-15T02:29:19.000000
video_1178583926424612864,media_session_1178583926424612864,2015-02-15T03:21:59.000000
video_1178591154238050304,media_session_1178591154238050304,2015-02-15T03:50:42.000000
video_1178861486844547072,media_session_1178861486844547072,2015-02-15T21:44:54.000000
video_1178927326902595584,media_session_1178927326902595584,2015-02-16T02:06:32.000000
video_1178927796794634240,media_session_1178927796794634240,2015-02-16T02:08:24.000000
video_1179210206551404544,media_session_1179210206551404544,2015-02-16T20:50:35.000000
video_1179602719028248576,media_session_1179602719028248576,2015-02-17T22:50:18.000000
video_1179657072758132736,media_session_1179657072758132736,2015-02-18T02:26:17.000000
video_1179668668150398976,media_session_1179668668150398976,2015-02-18T03:12:21.000000
video_1180058415821746176,media_session_1180058415821746176,2015-02-19T05:01:04.000000
video_1180304109229035520,media_session_1180304109229035520,2015-02-19T21:17:22.000000
video_1180317338965278720,media_session_1180317338965278720,2015-02-19T22:09:56.000000
video_1180639864811597824,media_session_1180639864811597824,2015-02-20T19:31:32.000000
video_1180641213356085248,media_session_1180641213356085248,2015-02-20T19:36:54.000000
video_1180688980115861504,media_session_1180688980115861504,2015-02-20T22:46:43.000000
video_1180727889881411584,media_session_1180727889881411584,2015-02-21T01:21:19.000000
video_1180765662835044352,media_session_1180765662835044352,2015-02-21T03:51:25.000000
video_1180985670383128576,media_session_1180985670383128576,2015-02-21T18:25:39.000000
video_1181066254816030720,media_session_1181066254816030720,2015-02-21T23:45:52.000000
video_1181136411290640384,media_session_1181136411290640384,2015-02-22T04:24:38.000000
video_1181186912598253568,media_session_1181186912598253568,2015-02-22T07:45:19.000000
video_1181354572539936768,media_session_1181354572539936768,2015-02-22T18:51:32.000000
video_1181463329286619136,media_session_1181463329286619136,2015-02-23T02:03:42.000000
video_1181490674051522560,media_session_1181490674051522560,2015-02-23T03:52:21.000000
video_1181756604215922688,media_session_1181756604215922688,2015-02-23T21:29:04.000000
video_1181848305580351488,media_session_1181848305580351488,2015-02-24T03:33:27.000000
video_931024405042184192,media_session_931024405042184192,2013-04-03T00:08:49.000000
video_934257439124123648,media_session_934257439124123648,2013-04-11T22:15:45.000000
video_934329487129214976,media_session_934329487129214976,2013-04-12T03:02:02.000000
video_943257274946842624,media_session_943257274946842624,2013-05-06T18:17:53.000000
video_944713893912158208,media_session_944713893912158208,2013-05-10T18:45:58.000000
video_945803943852818432,media_session_945803943852818432,2013-05-13T18:57:26.000000
video_948030343389270016,media_session_948030343389270016,2013-05-19T22:24:21.000000
video_948113155073118208,media_session_948113155073118208,2013-05-20T03:53:25.000000
video_949149610885136384,media_session_949149610885136384,2013-05-23T00:31:55.000000
video_951236509728641024,media_session_951236509728641024,2013-05-28T18:44:31.000000
video_951264650761265152,media_session_951264650761265152,2013-05-28T20:36:20.000000
video_951655802345795584,media_session_951655802345795584,2013-05-29T22:30:38.000000
video_957020593801347072,media_session_957020593801347072,2013-06-13T17:48:24.000000
video_957785592803020800,media_session_957785592803020800,2013-06-15T20:28:14.000000
video_958401254873264128,media_session_958401254873264128,2013-06-17T13:14:39.000000
video_958643388486467584,media_session_958643388486467584,2013-06-18T05:16:48.000000
video_965522693774626816,media_session_965522693774626816,2013-07-07T04:52:42.000000
video_973454446254489600,media_session_973454446254489600,2013-07-29T02:10:39.000000
video_974527514401964032,media_session_974527514401964032,2013-08-01T01:14:39.000000
video_975533569261043712,media_session_975533569261043712,2013-08-03T19:52:21.000000
video_978943102335553536,media_session_978943102335553536,2013-08-13T05:40:37.000000
video_981841413136666624,media_session_981841413136666624,2013-08-21T05:37:28.000000
video_981968717728935936,media_session_981968717728935936,2013-08-21T14:03:20.000000
video_982975898804736000,media_session_982975898804736000,2013-08-24T08:45:31.000000
video_985793023009226752,media_session_985793023009226752,2013-09-01T03:19:45.000000
video_986467756578951168,media_session_986467756578951168,2013-09-03T00:00:54.000000
video_987238296176463872,media_session_987238296176463872,2013-09-05T03:02:45.000000
video_987301818738839552,media_session_987301818738839552,2013-09-05T07:15:10.000000
video_987882919152558080,media_session_987882919152558080,2013-09-06T21:44:15.000000
video_988632692038025216,media_session_988632692038025216,2013-09-08T23:23:35.000000
video_989014494384701440,media_session_989014494384701440,2013-09-10T00:40:44.000000
video_990100922606993408,media_session_990100922606993408,2013-09-13T00:37:49.000000
video_990183429989871616,media_session_990183429989871616,2013-09-13T06:05:40.000000
video_990362753342521344,media_session_990362753342521344,2013-09-13T17:58:14.000000
video_990785422521245696,media_session_990785422521245696,2013-09-14T21:57:46.000000
video_991018949669957632,media_session_991018949669957632,2013-09-15T13:25:43.000000
video_991891149956562944,media_session_991891149956562944,2013-09-17T23:11:32.000000
video_993316994789093376,media_session_993316994789093376,2013-09-21T21:37:20.000000
video_994090244574011392,media_session_994090244574011392,2013-09-24T00:49:57.000000
video_994799845514846208,media_session_994799845514846208,2013-09-25T23:49:39.000000
video_995662050179371008,media_session_995662050179371008,2013-09-28T08:55:45.000000
video_995815198730706944,media_session_995815198730706944,2013-09-28T19:04:18.000000
video_996707969997684736,media_session_996707969997684736,2013-10-01T06:11:51.000000
video_997005163342798848,media_session_997005163342798848,2013-10-02T01:52:48.000000
video_997366810225803264,media_session_997366810225803264,2013-10-03T01:49:51.000000
video_998151007915950080,media_session_998151007915950080,2013-10-05T05:45:59.000000
video_999039695801720832,media_session_999039695801720832,2013-10-07T16:37:18.000000
video_999405517518561280,media_session_999405517518561280,2013-10-08T16:50:57.000000
video_999836029462667264,media_session_999836029462667264,2013-10-09T21:21:39.000000
